dataset,gap_after_utc,resumes_at_utc,missing_periods,note
national_intensity,2021-04-19 16:30:00,2021-04-19 17:30:00,1,Not served by the API (checked with --repair-gaps on 2026-09-25)
national_intensity,2021-04-19 21:30:00,2021-04-19 23:00:00,2,Not served by the API (checked with --repair-gaps on 2026-09-25)
national_intensity,2021-12-26 14:30:00,2021-12-27 18:00:00,54,Not served by the API (checked with --repair-gaps on 2026-09-25)
national_intensity,2023-10-20 21:30:00,2023-10-22 19:30:00,91,Not served by the API (checked with --repair-gaps on 2026-09-25)
national_intensity,2024-06-11 22:30:00,2024-06-12 14:30:00,31,Not served by the API (checked with --repair-gaps on 2026-09-25)
generation_mix,2018-07-13 01:00:00,2018-07-16 01:30:00,144,Not served by the API (checked with --repair-gaps on 2026-09-25)
generation_mix,2018-08-03 23:00:00,2018-08-05 23:30:00,96,Not served by the API (checked with --repair-gaps on 2026-09-25)
generation_mix,2021-12-26 14:30:00,2021-12-27 13:30:00,45,Not served by the API (checked with --repair-gaps on 2026-09-25)
generation_mix,2023-10-20 21:30:00,2023-10-22 15:00:00,82,Not served by the API (checked with --repair-gaps on 2026-09-25)
generation_mix,2024-06-11 22:30:00,2024-06-12 10:00:00,22,Not served by the API (checked with --repair-gaps on 2026-09-25)
generation_mix,2025-01-12 22:30:00,2025-01-13 07:30:00,17,Not served by the API (checked with --repair-gaps on 2026-09-25)
generation_mix,2025-08-10 22:30:00,2025-08-11 03:00:00,8,Not served by the API (checked with --repair-gaps on 2026-09-25)
regional_intensity,2023-10-20 21:30:00,2023-10-22 15:00:00,82,Not served by the API for any region (checked with --repair-gaps on 2026-09-25)
regional_intensity,2024-06-11 22:30:00,2024-06-12 10:00:00,22,Not served by the API for any region (checked with --repair-gaps on 2026-09-25)
regional_intensity,2025-01-12 22:30:00,2025-01-13 07:30:00,17,Not served by the API for any region (checked with --repair-gaps on 2026-09-25)
regional_intensity,2025-08-10 22:30:00,2025-08-11 03:00:00,8,Not served by the API for any region (checked with --repair-gaps on 2026-09-25)
