holiday_date,holiday_name
2017-01-01,New Year's Day
2017-01-02,New Year's Day (observed)
2017-04-14,Good Friday
2017-04-17,Easter Monday
2017-05-01,May Day
2017-05-29,Spring Bank Holiday
2017-08-28,Late Summer Bank Holiday
2017-12-25,Christmas Day
2017-12-26,Boxing Day
2018-01-01,New Year's Day
2018-03-30,Good Friday
2018-04-02,Easter Monday
2018-05-07,May Day
2018-05-28,Spring Bank Holiday
2018-08-27,Late Summer Bank Holiday
2018-12-25,Christmas Day
2018-12-26,Boxing Day
2019-01-01,New Year's Day
2019-04-19,Good Friday
2019-04-22,Easter Monday
2019-05-06,May Day
2019-05-27,Spring Bank Holiday
2019-08-26,Late Summer Bank Holiday
2019-12-25,Christmas Day
2019-12-26,Boxing Day
2020-01-01,New Year's Day
2020-04-10,Good Friday
2020-04-13,Easter Monday
2020-05-08,May Day
2020-05-25,Spring Bank Holiday
2020-08-31,Late Summer Bank Holiday
2020-12-25,Christmas Day
2020-12-26,Boxing Day
2020-12-28,Boxing Day (observed)
2021-01-01,New Year's Day
2021-04-02,Good Friday
2021-04-05,Easter Monday
2021-05-03,May Day
2021-05-31,Spring Bank Holiday
2021-08-30,Late Summer Bank Holiday
2021-12-25,Christmas Day
2021-12-26,Boxing Day
2021-12-27,Christmas Day (observed)
2021-12-28,Boxing Day (observed)
2022-01-01,New Year's Day
2022-01-03,New Year's Day (observed)
2022-04-15,Good Friday
2022-04-18,Easter Monday
2022-05-02,May Day
2022-06-02,Spring Bank Holiday
2022-06-03,Platinum Jubilee of Elizabeth II
2022-08-29,Late Summer Bank Holiday
2022-09-19,State Funeral of Queen Elizabeth II
2022-12-25,Christmas Day
2022-12-26,Boxing Day
2022-12-27,Christmas Day (observed)
2023-01-01,New Year's Day
2023-01-02,New Year's Day (observed)
2023-04-07,Good Friday
2023-04-10,Easter Monday
2023-05-01,May Day
2023-05-08,Coronation of Charles III
2023-05-29,Spring Bank Holiday
2023-08-28,Late Summer Bank Holiday
2023-12-25,Christmas Day
2023-12-26,Boxing Day
2024-01-01,New Year's Day
2024-03-29,Good Friday
2024-04-01,Easter Monday
2024-05-06,May Day
2024-05-27,Spring Bank Holiday
2024-08-26,Late Summer Bank Holiday
2024-12-25,Christmas Day
2024-12-26,Boxing Day
2025-01-01,New Year's Day
2025-04-18,Good Friday
2025-04-21,Easter Monday
2025-05-05,May Day
2025-05-26,Spring Bank Holiday
2025-08-25,Late Summer Bank Holiday
2025-12-25,Christmas Day
2025-12-26,Boxing Day
2026-01-01,New Year's Day
2026-04-03,Good Friday
2026-04-06,Easter Monday
2026-05-04,May Day
2026-05-25,Spring Bank Holiday
2026-08-31,Late Summer Bank Holiday
2026-12-25,Christmas Day
2026-12-26,Boxing Day
2026-12-28,Boxing Day (observed)
2027-01-01,New Year's Day
2027-03-26,Good Friday
2027-03-29,Easter Monday
2027-05-03,May Day
2027-05-31,Spring Bank Holiday
2027-08-30,Late Summer Bank Holiday
2027-12-25,Christmas Day
2027-12-26,Boxing Day
2027-12-27,Christmas Day (observed)
2027-12-28,Boxing Day (observed)
2028-01-01,New Year's Day
2028-01-03,New Year's Day (observed)
2028-04-14,Good Friday
2028-04-17,Easter Monday
2028-05-01,May Day
2028-05-29,Spring Bank Holiday
2028-08-28,Late Summer Bank Holiday
2028-12-25,Christmas Day
2028-12-26,Boxing Day
