country_code,year,generation_twh,demand_twh,net_imports_twh,emissions_mtco2e,intensity_gco2e_kwh,intensity_change_gco2e_kwh,gas_share_pct,coal_share_pct,other_fossil_share_pct,nuclear_share_pct,solar_share_pct,wind_share_pct,hydro_share_pct,bioenergy_share_pct,renewables_share_pct,clean_share_pct,fossil_share_pct
ARE,1985,12.18,12.18,,8.243,676.765,,100.0,0.0,0.0,0.0,0.0,0.0,0.0,0.0,0.0,0.0,100.0
ARE,1986,12.81,12.81,,8.669,676.737,-0.02800000000002001,100.0,0.0,0.0,0.0,0.0,0.0,0.0,0.0,0.0,0.0,100.0
ARE,1987,13.66,13.66,,9.244,676.72,-0.016999999999939064,100.0,0.0,0.0,0.0,0.0,0.0,0.0,0.0,0.0,0.0,100.0
ARE,1988,14.84,14.84,,10.043,676.752,0.03199999999992542,100.0,0.0,0.0,0.0,0.0,0.0,0.0,0.0,0.0,0.0,100.0
ARE,1989,15.61,15.61,,10.564,676.746,-0.005999999999971806,100.0,0.0,0.0,0.0,0.0,0.0,0.0,0.0,0.0,0.0,100.0
ARE,1990,17.08,17.08,,11.559,676.756,0.009999999999990905,100.0,0.0,0.0,0.0,0.0,0.0,0.0,0.0,0.0,0.0,100.0
ARE,1991,17.22,17.22,,11.653,676.713,-0.043000000000006366,100.0,0.0,0.0,0.0,0.0,0.0,0.0,0.0,0.0,0.0,100.0
ARE,1992,18.69,18.69,,12.648,676.726,0.013000000000033651,100.0,0.0,0.0,0.0,0.0,0.0,0.0,0.0,0.0,0.0,100.0
ARE,1993,21.73,21.73,,14.706,676.76,0.033999999999991815,100.0,0.0,0.0,0.0,0.0,0.0,0.0,0.0,0.0,0.0,100.0
ARE,1994,23.73,23.73,,16.059,676.738,-0.021999999999934516,100.0,0.0,0.0,0.0,0.0,0.0,0.0,0.0,0.0,0.0,100.0
ARE,1995,24.98,24.98,,16.905,676.741,0.0029999999999290594,100.0,0.0,0.0,0.0,0.0,0.0,0.0,0.0,0.0,0.0,100.0
ARE,1996,26.57,26.57,,17.981,676.741,0.0,100.0,0.0,0.0,0.0,0.0,0.0,0.0,0.0,0.0,0.0,100.0
ARE,1997,28.46,28.46,,19.26,676.739,-0.0019999999999527063,100.0,0.0,0.0,0.0,0.0,0.0,0.0,0.0,0.0,0.0,100.0
ARE,1998,33.39,33.39,,22.596,676.73,-0.009000000000014552,100.0,0.0,0.0,0.0,0.0,0.0,0.0,0.0,0.0,0.0,100.0
ARE,1999,37.12,37.12,,25.121,676.751,0.020999999999958163,100.0,0.0,0.0,0.0,0.0,0.0,0.0,0.0,0.0,0.0,100.0
ARE,2000,39.94,39.94,0.0,27.029,676.74,-0.010999999999967258,100.0,0.0,0.0,0.0,0.0,0.0,0.0,0.0,0.0,0.0,100.0
ARE,2001,43.17,43.17,0.0,29.215,676.743,0.0030000000000427463,100.0,0.0,0.0,0.0,0.0,0.0,0.0,0.0,0.0,0.0,100.0
ARE,2002,46.85,46.85,0.0,31.705,676.734,-0.009000000000014552,100.0,0.0,0.0,0.0,0.0,0.0,0.0,0.0,0.0,0.0,100.0
ARE,2003,49.45,49.45,0.0,33.465,676.744,0.009999999999990905,100.0,0.0,0.0,0.0,0.0,0.0,0.0,0.0,0.0,0.0,100.0
ARE,2004,52.41,52.41,0.0,35.468,676.741,-0.0030000000000427463,100.0,0.0,0.0,0.0,0.0,0.0,0.0,0.0,0.0,0.0,100.0
ARE,2005,60.7,60.7,0.0,41.078,676.738,-0.0029999999999290594,100.0,0.0,0.0,0.0,0.0,0.0,0.0,0.0,0.0,0.0,100.0
ARE,2006,62.44,62.44,0.0,42.256,676.746,0.007999999999924512,100.0,0.0,0.0,0.0,0.0,0.0,0.0,0.0,0.0,0.0,100.0
ARE,2007,78.76,78.76,0.0,53.3,676.739,-0.006999999999948159,100.0,0.0,0.0,0.0,0.0,0.0,0.0,0.0,0.0,0.0,100.0
ARE,2008,80.46,80.46,0.0,54.45,676.734,-0.0049999999999954525,100.0,0.0,0.0,0.0,0.0,0.0,0.0,0.0,0.0,0.0,100.0
ARE,2009,85.7,85.7,0.0,57.99,676.663,-0.07100000000002638,99.988,0.0,0.0,0.0,0.012,0.0,0.0,0.0,0.012,0.012,99.988
ARE,2010,93.95,93.95,0.0,63.567,676.605,-0.057999999999992724,99.979,0.0,0.0,0.0,0.021,0.0,0.0,0.0,0.021,0.021,99.979
ARE,2011,99.13,99.11,-0.02,67.072,676.606,0.0009999999999763531,99.98,0.0,0.0,0.0,0.02,0.0,0.0,0.0,0.02,0.02,99.98
ARE,2012,106.21,106.18,-0.03,71.864,676.622,0.01599999999996271,99.981,0.0,0.0,0.0,0.019,0.0,0.0,0.0,0.019,0.019,99.981
ARE,2013,109.99,109.97,-0.02,74.378,676.225,-0.3969999999999345,99.918,0.0,0.0,0.0,0.082,0.0,0.0,0.0,0.082,0.082,99.918
ARE,2014,116.54,116.51,-0.03,78.672,675.064,-1.1610000000000582,99.734,0.0,0.0,0.0,0.266,0.0,0.0,0.0,0.266,0.266,99.734
ARE,2015,127.38,127.37,-0.01,86.014,675.255,0.19100000000003092,99.764,0.0,0.0,0.0,0.236,0.0,0.0,0.0,0.236,0.236,99.764
ARE,2016,129.61,130.24,0.63,87.511,675.187,-0.06799999999998363,99.753,0.0,0.0,0.0,0.247,0.0,0.0,0.0,0.247,0.247,99.753
ARE,2017,134.57,134.47,-0.1,90.597,673.233,-1.9540000000000646,99.443,0.0,0.0,0.0,0.557,0.0,0.0,0.0,0.557,0.557,99.443
ARE,2018,136.01,135.98,-0.03,91.288,671.186,-2.046999999999912,99.118,0.0,0.0,0.0,0.882,0.0,0.0,0.0,0.882,0.882,99.118
ARE,2019,138.45,138.44,-0.01,91.391,660.101,-11.085000000000036,97.356,0.0,0.0,0.0,2.644,0.0,0.0,0.0,2.644,2.644,97.356
ARE,2020,137.31,137.28,-0.03,88.658,645.678,-14.423000000000002,94.509,0.532,0.0,1.187,3.772,0.0,0.0,0.0,3.772,4.96,95.04
ARE,2021,149.05,149.26,0.21,90.219,605.294,-40.384000000000015,86.709,2.019,0.0,7.078,4.193,0.0,0.0,0.0,4.193,11.271,88.729
ARE,2022,155.42,155.31,-0.11,86.806,558.525,-46.769000000000005,82.081,0.0,0.0,12.933,4.98,0.0,0.0,0.006,4.986,17.919,82.081
ARE,2023,167.53,167.43,-0.1,81.049,483.788,-74.73699999999997,70.686,0.0,0.0,20.558,8.595,0.036,0.0,0.125,8.757,29.314,70.686
ARE,2024,177.26,177.02,-0.24,82.874,467.528,-16.25999999999999,68.267,0.0,0.0,22.921,8.581,0.113,0.0,0.118,8.812,31.733,68.267
BHR,2000,13.86,13.86,0.0,12.54,904.762,,100.0,0.0,0.0,0.0,0.0,0.0,0.0,0.0,0.0,0.0,100.0
BHR,2001,14.62,14.62,0.0,13.227,904.72,-0.041999999999916326,100.0,0.0,0.0,0.0,0.0,0.0,0.0,0.0,0.0,0.0,100.0
BHR,2002,15.26,15.26,0.0,13.806,904.718,-0.002000000000066393,100.0,0.0,0.0,0.0,0.0,0.0,0.0,0.0,0.0,0.0,100.0
BHR,2003,15.7,15.7,0.0,14.204,904.713,-0.0049999999999954525,100.0,0.0,0.0,0.0,0.0,0.0,0.0,0.0,0.0,0.0,100.0
BHR,2004,16.15,16.15,0.0,14.612,904.768,0.055000000000063665,100.0,0.0,0.0,0.0,0.0,0.0,0.0,0.0,0.0,0.0,100.0
BHR,2005,19.37,19.37,0.0,17.525,904.75,-0.018000000000029104,100.0,0.0,0.0,0.0,0.0,0.0,0.0,0.0,0.0,0.0,100.0
BHR,2006,21.04,21.04,0.0,18.91,898.764,-5.98599999999999,97.576,0.0,2.424,0.0,0.0,0.0,0.0,0.0,0.0,0.0,100.0
BHR,2007,21.72,21.73,0.01,19.589,901.888,3.1240000000000236,98.849,0.0,1.151,0.0,0.0,0.0,0.0,0.0,0.0,0.0,100.0
BHR,2008,22.82,22.63,-0.19,20.646,904.733,2.8449999999999136,100.0,0.0,0.0,0.0,0.0,0.0,0.0,0.0,0.0,0.0,100.0
BHR,2009,22.56,22.73,0.17,20.411,904.743,0.010000000000104592,100.0,0.0,0.0,0.0,0.0,0.0,0.0,0.0,0.0,0.0,100.0
BHR,2010,23.82,23.99,0.17,21.551,904.744,0.0009999999999763531,100.0,0.0,0.0,0.0,0.0,0.0,0.0,0.0,0.0,0.0,100.0
BHR,2011,24.34,24.46,0.12,22.021,904.725,-0.019000000000005457,100.0,0.0,0.0,0.0,0.0,0.0,0.0,0.0,0.0,0.0,100.0
BHR,2012,24.77,24.61,-0.16,22.41,904.723,-0.002000000000066393,100.0,0.0,0.0,0.0,0.0,0.0,0.0,0.0,0.0,0.0,100.0
BHR,2013,25.91,25.93,0.02,23.442,904.747,0.02400000000000091,100.0,0.0,0.0,0.0,0.0,0.0,0.0,0.0,0.0,0.0,100.0
BHR,2014,27.26,27.26,0.0,24.655,904.439,-0.3079999999999927,99.963,0.0,0.0,0.0,0.037,0.0,0.0,0.0,0.037,0.037,99.963
BHR,2015,28.49,28.48,-0.01,25.767,904.423,-0.01599999999996271,99.965,0.0,0.0,0.0,0.035,0.0,0.0,0.0,0.035,0.035,99.965
BHR,2016,28.52,28.5,-0.02,25.795,904.453,0.029999999999972715,99.965,0.0,0.0,0.0,0.035,0.0,0.0,0.0,0.035,0.035,99.965
BHR,2017,29.23,29.27,0.04,26.437,904.447,-0.005999999999971806,99.966,0.0,0.0,0.0,0.034,0.0,0.0,0.0,0.034,0.034,99.966
BHR,2018,29.55,29.75,0.2,26.726,904.433,-0.014000000000010004,99.966,0.0,0.0,0.0,0.034,0.0,0.0,0.0,0.034,0.034,99.966
BHR,2019,33.11,33.19,0.08,29.939,904.228,-0.20500000000004093,99.94,0.0,0.0,0.0,0.06,0.0,0.0,0.0,0.06,0.06,99.94
BHR,2020,33.38,33.16,-0.22,30.183,904.224,-0.0039999999999054126,99.94,0.0,0.0,0.0,0.06,0.0,0.0,0.0,0.06,0.06,99.94
BHR,2021,33.91,33.93,0.02,30.645,903.716,-0.5080000000000382,99.882,0.0,0.0,0.0,0.118,0.0,0.0,0.0,0.118,0.118,99.882
BHR,2022,35.68,35.71,0.03,32.213,902.831,-0.8849999999999909,99.776,0.0,0.0,0.0,0.224,0.0,0.0,0.0,0.224,0.224,99.776
BHR,2023,37.47,37.95,0.48,33.823,902.669,-0.16200000000003456,99.76,0.0,0.0,0.0,0.24,0.0,0.0,0.0,0.24,0.24,99.76
BHR,2024,37.95,38.44,0.49,34.249,902.477,-0.19200000000000728,99.736,0.0,0.0,0.0,0.264,0.0,0.0,0.0,0.264,0.264,99.736
EU27,2000,2622.18,2631.02,8.84,1098.782,419.034,,12.516,30.522,8.65,32.795,0.002,0.812,13.354,1.148,15.518,48.313,51.687
EU27,2001,2698.92,2695.57,-3.35,1104.131,409.101,-9.932999999999993,13.02,29.379,8.498,32.935,0.006,0.954,13.836,1.182,16.167,49.103,50.897
EU27,2002,2722.12,2729.24,7.12,1142.181,419.592,10.490999999999985,13.761,29.916,8.848,33.148,0.01,1.288,11.484,1.352,14.327,47.475,52.525
EU27,2003,2799.93,2797.84,-2.09,1187.742,424.204,4.612000000000023,14.961,30.324,8.121,32.4,0.014,1.547,10.88,1.541,14.194,46.594,53.406
EU27,2004,2867.55,2855.74,-11.81,1181.46,412.01,-12.194000000000017,15.989,29.134,7.15,32.378,0.024,2.007,11.271,1.84,15.35,47.728,52.272
EU27,2005,2884.39,2891.72,7.33,1182.313,409.901,-2.1089999999999804,17.769,28.044,7.052,31.76,0.051,2.361,10.644,2.115,15.375,47.135,52.865
EU27,2006,2932.31,2932.77,0.46,1198.364,408.676,-1.2250000000000227,18.417,27.845,6.62,31.185,0.086,2.686,10.571,2.382,15.932,47.117,52.883
EU27,2007,2947.71,2958.35,10.64,1217.503,413.034,4.358000000000004,19.404,28.115,6.059,29.59,0.13,3.391,10.439,2.661,16.832,46.423,53.577
EU27,2008,2959.78,2971.81,12.03,1161.345,392.375,-20.658999999999992,20.665,25.577,5.6,29.892,0.254,3.827,11.0,2.976,18.267,48.158,51.842
EU27,2009,2808.34,2825.63,17.29,1073.889,382.393,-9.982000000000028,20.084,25.052,5.155,29.374,0.506,4.437,11.715,3.463,20.334,49.708,50.292
EU27,2010,2945.54,2950.46,4.92,1087.934,369.35,-13.04299999999995,19.941,23.805,5.084,29.009,0.797,4.749,12.623,3.784,22.161,51.17,48.83
EU27,2011,2908.69,2909.65,0.96,1095.624,376.673,7.322999999999979,19.144,24.919,4.927,28.802,1.64,5.687,10.569,4.091,22.208,51.01,48.99
EU27,2012,2903.47,2910.23,6.76,1079.728,371.875,-4.798000000000002,16.625,25.579,4.728,27.965,2.428,6.46,11.423,4.576,25.103,53.068,46.932
EU27,2013,2883.69,2881.88,-1.81,1029.746,357.093,-14.781999999999982,14.337,25.277,4.447,27.958,2.905,7.267,12.762,4.825,27.982,55.94,44.06
EU27,2014,2823.91,2818.88,-5.03,968.226,342.867,-14.225999999999999,12.586,24.533,4.462,28.775,3.315,7.878,13.105,5.108,29.645,58.42,41.58
EU27,2015,2870.37,2863.72,-6.65,999.819,348.324,5.456999999999994,13.756,24.562,4.455,27.407,3.491,9.172,11.706,5.204,29.82,57.227,42.773
EU27,2016,2891.4,2892.05,0.65,987.21,341.43,-6.8940000000000055,16.074,22.797,4.434,26.56,3.475,9.231,11.953,5.225,30.135,56.695,43.305
EU27,2017,2922.98,2918.43,-4.55,995.075,340.432,-0.9979999999999905,17.914,21.856,4.341,25.98,3.646,10.689,10.07,5.256,29.909,55.889,44.111
EU27,2018,2908.62,2917.46,8.84,934.413,321.256,-19.176000000000045,16.81,20.475,4.155,26.196,3.924,11.028,11.821,5.345,32.363,58.559,41.441
EU27,2019,2874.5,2877.43,2.93,825.975,287.346,-33.90999999999997,19.782,15.682,3.858,26.625,4.327,12.778,11.142,5.554,34.053,60.678,39.322
EU27,2020,2753.09,2767.06,13.97,719.102,261.198,-26.148000000000025,20.33,12.798,3.551,24.827,5.257,14.462,12.607,5.906,38.495,63.322,36.678
EU27,2021,2874.99,2882.27,7.28,783.522,272.53,11.331999999999994,19.028,14.574,3.493,25.451,5.671,13.459,12.113,5.967,37.455,62.906,37.094
EU27,2022,2777.41,2790.35,12.94,809.806,291.569,19.039000000000044,19.225,16.146,3.812,21.936,7.552,15.188,9.941,5.951,38.882,60.818,39.182
EU27,2023,2710.19,2709.72,-0.47,639.624,236.007,-55.56200000000001,16.782,11.755,3.361,22.862,9.374,17.639,12.193,5.787,45.24,68.102,31.898
EU27,2024,2771.528,2759.218,-12.31,586.585,211.647,-24.360000000000014,15.559,9.808,3.215,23.437,11.086,17.656,13.338,5.659,47.981,71.418,28.582
EU27,2025,2798.415,2774.435,-23.98,587.329,209.879,-1.7680000000000007,16.8,9.231,2.916,23.31,13.081,17.135,11.64,5.622,47.743,71.053,28.947
GBR,1985,298.09,298.09,,206.753,693.593,,0.973,59.432,17.773,20.497,0.0,0.0,1.325,0.0,1.325,21.822,78.178
GBR,1986,301.07,301.07,,217.033,720.872,27.278999999999996,0.578,66.881,11.333,19.623,0.0,0.0,1.584,0.0,1.584,21.208,78.792
GBR,1987,302.11,302.11,,222.683,737.092,16.220000000000027,1.499,69.485,9.344,18.285,0.0,0.0,1.387,0.0,1.387,19.672,80.328
GBR,1988,308.82,308.82,,219.267,710.016,-27.076000000000022,1.548,65.854,10.469,20.549,0.0,0.0,1.58,0.0,1.58,22.129,77.871
GBR,1989,314.58,314.58,,216.658,688.721,-21.29499999999996,1.574,63.558,10.551,22.802,0.0,0.0,1.516,0.0,1.516,24.318,75.682
GBR,1990,319.75,331.69,11.94,225.428,705.013,16.29200000000003,1.564,64.563,11.518,20.563,0.0,0.003,1.601,0.188,1.792,22.355,77.645
GBR,1991,322.88,339.29,16.41,226.058,700.13,-4.883000000000038,1.803,65.492,9.236,21.847,0.0,0.003,1.406,0.214,1.623,23.47,76.53
GBR,1992,321.04,337.73,16.69,213.527,665.11,-35.01999999999998,3.919,60.316,9.874,23.925,0.0,0.009,1.666,0.29,1.965,25.891,74.109
GBR,1993,323.11,339.83,16.72,196.526,608.232,-56.87800000000004,10.535,53.001,7.041,27.653,0.0,0.068,1.331,0.371,1.77,29.423,70.577
GBR,1994,326.56,343.45,16.89,192.331,588.961,-19.270999999999958,16.309,49.406,5.114,27.033,0.0,0.104,1.568,0.465,2.137,29.171,70.829
GBR,1995,337.42,353.73,16.31,195.522,579.462,-9.499000000000024,18.89,45.999,6.766,26.365,0.0,0.116,1.378,0.486,1.98,28.344,71.656
GBR,1996,350.87,367.62,16.75,195.269,556.528,-22.93399999999997,23.966,41.973,5.458,26.982,0.0,0.14,0.969,0.513,1.622,28.603,71.397
GBR,1997,350.67,367.24,16.57,179.535,511.977,-44.551000000000045,31.642,34.782,3.539,27.989,0.0,0.191,1.255,0.602,2.048,30.037,69.963
GBR,1998,362.71,375.42,12.71,184.833,509.589,-2.387999999999977,32.478,33.903,3.805,27.43,0.0,0.243,1.412,0.731,2.385,29.814,70.186
GBR,1999,368.15,382.39,14.24,181.242,492.305,-17.283999999999992,38.816,28.842,3.89,25.84,0.0,0.231,1.45,0.932,2.613,28.453,71.547
GBR,2000,377.06,391.23,14.17,196.821,521.989,29.684000000000026,39.272,31.812,3.729,22.559,0.0,0.249,1.35,1.029,2.628,25.187,74.813
GBR,2001,384.77,395.17,10.4,203.545,529.004,7.014999999999986,36.882,34.166,3.059,23.414,0.0,0.249,1.053,1.177,2.479,25.893,74.107
GBR,2002,387.24,395.65,8.41,201.71,520.891,-8.113000000000056,39.324,32.094,3.024,22.686,0.0,0.323,1.237,1.312,2.872,25.558,74.442
GBR,2003,398.21,400.37,2.16,213.745,536.765,15.874000000000024,37.387,34.771,2.885,22.272,0.0,0.324,0.811,1.549,2.685,24.957,75.043
GBR,2004,393.92,401.41,7.49,211.151,536.025,-0.7400000000000091,39.871,33.456,2.775,20.309,0.0,0.492,1.229,1.868,3.59,23.898,76.102
GBR,2005,398.35,406.67,8.32,213.212,535.238,-0.7869999999999209,38.318,33.799,3.143,20.49,0.003,0.728,1.235,2.284,4.25,24.74,75.26
GBR,2006,397.27,404.79,7.52,222.209,559.34,24.101999999999975,35.449,37.468,3.534,18.992,0.003,1.062,1.155,2.336,4.556,23.548,76.452
GBR,2007,396.81,402.02,5.21,220.658,556.08,-3.259999999999991,41.781,34.258,3.117,15.884,0.003,1.328,1.28,2.349,4.96,20.844,79.156
GBR,2008,388.96,399.98,11.02,215.633,554.383,-1.6970000000000027,45.305,31.978,3.581,13.495,0.005,1.833,1.321,2.481,5.641,19.136,80.864
GBR,2009,376.76,379.62,2.86,190.132,504.65,-49.73300000000006,44.193,27.349,3.419,18.341,0.005,2.463,1.388,2.843,6.699,25.04,74.96
GBR,2010,382.06,384.72,2.66,197.599,517.194,12.543999999999983,45.974,28.16,2.748,16.264,0.01,2.693,0.94,3.209,6.852,23.117,76.883
GBR,2011,367.97,374.19,6.22,183.85,499.633,-17.56099999999998,39.813,29.47,2.405,18.746,0.065,4.337,1.546,3.617,9.566,28.312,71.688
GBR,2012,363.87,375.73,11.86,195.481,537.228,37.59499999999997,27.529,39.242,2.545,19.35,0.371,5.452,1.459,4.051,11.334,30.684,69.316
GBR,2013,358.28,372.71,14.43,181.619,506.919,-30.30899999999997,26.75,36.357,2.333,19.708,0.561,7.927,1.312,5.052,14.852,34.56,65.44
GBR,2014,338.08,358.6,20.52,156.496,462.896,-44.02299999999997,29.842,29.65,2.57,18.856,1.198,9.45,1.742,6.691,19.081,37.938,62.062
GBR,2015,338.87,359.98,21.11,134.795,397.778,-65.118,29.474,22.392,2.777,20.757,2.222,11.884,1.859,8.635,24.599,45.357,54.643
GBR,2016,339.18,356.93,17.75,113.097,333.442,-64.33600000000001,42.199,9.042,3.137,21.148,3.069,10.956,1.583,8.865,24.474,45.622,54.378
GBR,2017,338.22,352.98,14.76,102.203,302.179,-31.263000000000034,40.432,6.661,2.871,20.797,3.388,14.68,1.739,9.432,29.238,50.035,49.965
GBR,2018,333.76,352.87,19.11,95.354,285.696,-16.482999999999947,39.397,5.043,3.068,19.493,3.796,17.051,1.63,10.52,33.0,52.493,47.507
GBR,2019,327.19,348.36,21.17,87.826,268.425,-17.271000000000015,40.677,2.115,3.441,17.17,3.796,19.512,1.812,11.473,36.596,53.767,46.233
GBR,2020,310.301,324.459,14.158,75.273,242.581,-25.844000000000023,36.059,1.837,2.849,16.191,4.044,24.37,2.217,12.433,43.065,59.256,40.744
GBR,2021,307.9,325.605,17.705,82.229,267.064,24.483000000000033,39.896,2.205,3.144,14.972,3.94,21.088,1.76,12.994,39.782,54.755,45.245
GBR,2022,324.58,325.677,1.097,82.781,255.04,-12.02400000000003,38.545,1.83,3.411,14.603,4.11,24.712,1.744,11.045,41.611,56.214,43.786
GBR,2023,292.53,308.297,15.767,68.925,235.617,-19.423000000000002,34.752,1.292,3.699,13.879,4.745,28.083,1.894,11.657,46.378,60.257,39.743
GBR,2024,284.16,306.446,22.286,61.513,216.473,-19.143999999999977,30.37,0.669,4.029,14.284,5.205,29.307,2.027,14.108,50.648,64.932,35.068
GBR,2025,293.383,311.308,17.925,64.022,218.22,1.7469999999999857,31.353,0.112,4.357,12.4,6.612,29.369,1.846,13.952,51.779,64.178,35.821
KWT,2000,32.33,32.33,0.0,21.131,653.603,,32.942,0.0,67.058,0.0,0.0,0.0,0.0,0.0,0.0,0.0,100.0
KWT,2001,34.3,34.3,0.0,22.429,653.907,0.3040000000000873,30.7,0.0,69.3,0.0,0.0,0.0,0.0,0.0,0.0,0.0,100.0
KWT,2002,36.37,36.37,0.0,23.825,655.073,1.16599999999994,21.996,0.0,78.004,0.0,0.0,0.0,0.0,0.0,0.0,0.0,100.0
KWT,2003,39.8,39.8,0.0,26.057,654.698,-0.375,24.623,0.0,75.377,0.0,0.0,0.0,0.0,0.0,0.0,0.0,100.0
KWT,2004,41.26,41.26,0.0,26.996,654.29,-0.40800000000001546,27.702,0.0,72.298,0.0,0.0,0.0,0.0,0.0,0.0,0.0,100.0
KWT,2005,43.73,43.73,0.0,28.628,654.654,0.36400000000003274,25.086,0.0,74.914,0.0,0.0,0.0,0.0,0.0,0.0,0.0,100.0
KWT,2006,47.6,47.6,0.0,31.121,653.803,-0.8509999999999991,31.408,0.0,68.592,0.0,0.0,0.0,0.0,0.0,0.0,0.0,100.0
KWT,2007,48.75,48.75,0.0,31.87,653.744,-0.05899999999996908,31.897,0.0,68.103,0.0,0.0,0.0,0.0,0.0,0.0,0.0,100.0
KWT,2008,51.75,51.75,0.0,33.805,653.237,-0.5070000000000618,35.671,0.0,64.329,0.0,0.0,0.0,0.0,0.0,0.0,0.0,100.0
KWT,2009,53.22,53.22,0.0,34.814,654.153,0.9160000000000537,28.843,0.0,71.157,0.0,0.0,0.0,0.0,0.0,0.0,0.0,100.0
KWT,2010,57.03,57.03,0.0,37.262,653.375,-0.77800000000002,34.631,0.0,65.369,0.0,0.0,0.0,0.0,0.0,0.0,0.0,100.0
KWT,2011,57.46,57.46,0.0,37.508,652.767,-0.6079999999999472,39.158,0.0,60.842,0.0,0.0,0.0,0.0,0.0,0.0,0.0,100.0
KWT,2012,61.12,61.12,0.0,39.798,651.145,-1.622000000000071,51.227,0.0,48.773,0.0,0.0,0.0,0.0,0.0,0.0,0.0,100.0
KWT,2013,60.99,60.99,0.0,39.76,651.91,0.7649999999999864,44.712,0.0,55.271,0.0,0.0,0.016,0.0,0.0,0.016,0.016,99.984
KWT,2014,65.15,65.15,0.0,42.411,650.975,-0.9349999999999454,51.85,0.0,48.135,0.0,0.0,0.015,0.0,0.0,0.015,0.015,99.985
KWT,2015,68.3,68.3,0.0,44.43,650.512,-0.4630000000000791,55.3,0.0,44.685,0.0,0.0,0.015,0.0,0.0,0.015,0.015,99.985
KWT,2016,70.1,70.1,0.0,45.569,650.057,-0.45499999999992724,58.103,0.0,41.869,0.0,0.014,0.014,0.0,0.0,0.029,0.029,99.971
KWT,2017,68.89,68.89,0.0,44.817,650.559,0.5019999999999527,52.852,0.0,47.09,0.0,0.015,0.044,0.0,0.0,0.058,0.058,99.942
KWT,2018,74.13,74.13,0.0,48.194,650.128,-0.43099999999992633,53.204,0.0,46.675,0.0,0.067,0.054,0.0,0.0,0.121,0.121,99.879
KWT,2019,75.04,75.04,0.0,48.747,649.614,-0.51400000000001,56.503,0.0,43.364,0.0,0.08,0.053,0.0,0.0,0.133,0.133,99.867
KWT,2020,74.64,74.64,0.0,48.532,650.214,0.6000000000000227,52.572,0.0,47.307,0.0,0.08,0.04,0.0,0.0,0.121,0.121,99.879
KWT,2021,80.8,80.8,0.0,52.486,649.579,-0.6350000000001046,50.842,0.0,48.899,0.0,0.173,0.087,0.0,0.0,0.26,0.26,99.74
KWT,2022,85.29,85.29,0.0,54.314,636.816,-12.76299999999992,51.014,0.0,46.758,0.0,0.211,2.017,0.0,0.0,2.228,2.228,97.772
KWT,2023,89.76,89.76,0.0,57.095,636.085,-0.7309999999999945,61.341,0.0,36.531,0.0,0.212,1.916,0.0,0.0,2.128,2.128,97.872
KWT,2024,92.49,92.49,0.0,58.756,635.269,-0.8160000000000309,62.082,0.0,35.68,0.0,0.227,2.011,0.0,0.0,2.238,2.238,97.762
KWT,2025,89.22,89.22,0.0,56.63,634.723,-0.5460000000000491,62.231,0.0,35.45,0.0,0.235,2.085,0.0,0.0,2.32,2.32,97.68
OMN,2000,9.11,9.11,0.0,5.289,580.571,,82.876,0.0,17.124,0.0,0.0,0.0,0.0,0.0,0.0,0.0,100.0
OMN,2001,9.74,9.74,0.0,5.66,581.109,0.5380000000000109,82.341,0.0,17.659,0.0,0.0,0.0,0.0,0.0,0.0,0.0,100.0
OMN,2002,10.33,10.33,0.0,6.006,581.413,0.3039999999999736,81.994,0.0,18.006,0.0,0.0,0.0,0.0,0.0,0.0,0.0,100.0
OMN,2003,10.71,10.71,0.0,6.227,581.419,0.005999999999971806,81.979,0.0,18.021,0.0,0.0,0.0,0.0,0.0,0.0,0.0,100.0
OMN,2004,11.5,11.5,0.0,6.686,581.391,-0.02800000000002001,82.0,0.0,18.0,0.0,0.0,0.0,0.0,0.0,0.0,0.0,100.0
OMN,2005,12.65,12.65,0.0,7.329,579.368,-2.022999999999911,84.19,0.0,15.81,0.0,0.0,0.0,0.0,0.0,0.0,0.0,100.0
OMN,2006,13.29,13.29,0.0,7.69,578.631,-0.73700000000008,84.951,0.0,15.049,0.0,0.0,0.0,0.0,0.0,0.0,0.0,100.0
OMN,2007,14.17,14.17,0.0,8.024,566.267,-12.363999999999919,98.236,0.0,1.764,0.0,0.0,0.0,0.0,0.0,0.0,0.0,100.0
OMN,2008,16.05,16.05,0.0,9.095,566.667,0.39999999999997726,97.819,0.0,2.181,0.0,0.0,0.0,0.0,0.0,0.0,0.0,100.0
OMN,2009,18.45,18.45,0.0,10.454,566.612,-0.055000000000063665,97.832,0.0,2.168,0.0,0.0,0.0,0.0,0.0,0.0,0.0,100.0
OMN,2010,19.81,19.81,0.0,11.226,566.683,0.07100000000002638,97.779,0.0,2.221,0.0,0.0,0.0,0.0,0.0,0.0,0.0,100.0
OMN,2011,21.87,21.87,0.0,12.396,566.804,0.1209999999999809,97.668,0.0,2.332,0.0,0.0,0.0,0.0,0.0,0.0,0.0,100.0
OMN,2012,25.02,25.02,0.0,14.183,566.867,0.06299999999998818,97.562,0.0,2.438,0.0,0.0,0.0,0.0,0.0,0.0,0.0,100.0
OMN,2013,26.24,26.24,0.0,14.88,567.073,0.20600000000001728,97.37,0.0,2.63,0.0,0.0,0.0,0.0,0.0,0.0,0.0,100.0
OMN,2014,29.13,29.13,0.0,16.518,567.044,-0.028999999999996362,97.391,0.0,2.609,0.0,0.0,0.0,0.0,0.0,0.0,0.0,100.0
OMN,2015,32.75,32.75,0.0,18.571,567.053,0.009000000000014552,97.374,0.0,2.626,0.0,0.0,0.0,0.0,0.0,0.0,0.0,100.0
OMN,2016,34.23,34.23,0.0,19.414,567.163,0.11000000000001364,97.254,0.0,2.746,0.0,0.0,0.0,0.0,0.0,0.0,0.0,100.0
OMN,2017,36.15,36.15,0.0,20.497,566.999,-0.16399999999998727,97.068,0.0,2.877,0.0,0.055,0.0,0.0,0.0,0.055,0.055,99.945
OMN,2018,37.76,37.76,0.0,21.399,566.711,-0.2880000000000109,96.875,0.0,2.993,0.0,0.132,0.0,0.0,0.0,0.132,0.132,99.868
OMN,2019,38.89,38.89,0.0,22.031,566.495,-0.21600000000000819,96.966,0.0,2.88,0.0,0.129,0.026,0.0,0.0,0.154,0.154,99.846
OMN,2020,38.2,38.2,0.0,21.6,565.445,-1.0499999999999545,97.382,0.0,2.356,0.0,0.262,0.0,0.0,0.0,0.262,0.262,99.738
OMN,2021,41.0,41.0,0.0,22.923,559.098,-6.347000000000094,94.634,0.0,3.659,0.0,1.463,0.244,0.0,0.0,1.707,1.707,98.293
OMN,2022,42.4,42.4,0.0,23.112,545.094,-14.003999999999905,91.509,0.0,4.009,0.0,4.245,0.236,0.0,0.0,4.481,4.481,95.519
OMN,2023,45.0,45.0,,24.415,542.556,-2.538000000000011,91.556,0.0,3.556,0.0,4.667,0.222,0.0,0.0,4.889,4.889,95.111
OMN,2024,49.1,49.1,0.0,26.655,542.872,0.31599999999991724,91.242,0.0,3.87,0.0,4.684,0.204,0.0,0.0,4.888,4.888,95.112
OMN,2025,52.84,52.84,0.0,28.766,544.398,1.5260000000000673,91.862,0.0,3.596,0.0,4.353,0.189,0.0,0.0,4.542,4.542,95.458
QAT,2000,9.13,9.13,0.0,5.512,603.724,,100.0,0.0,0.0,0.0,0.0,0.0,0.0,0.0,0.0,0.0,100.0
QAT,2001,9.95,9.95,0.0,6.007,603.719,-0.0049999999999954525,100.0,0.0,0.0,0.0,0.0,0.0,0.0,0.0,0.0,0.0,100.0
QAT,2002,10.94,10.94,0.0,6.604,603.656,-0.06300000000010186,100.0,0.0,0.0,0.0,0.0,0.0,0.0,0.0,0.0,0.0,100.0
QAT,2003,12.01,12.01,0.0,7.25,603.664,0.008000000000038199,100.0,0.0,0.0,0.0,0.0,0.0,0.0,0.0,0.0,0.0,100.0
QAT,2004,13.23,13.23,0.0,7.987,603.704,0.03999999999996362,100.0,0.0,0.0,0.0,0.0,0.0,0.0,0.0,0.0,0.0,100.0
QAT,2005,14.4,14.4,0.0,8.693,603.681,-0.02299999999991087,100.0,0.0,0.0,0.0,0.0,0.0,0.0,0.0,0.0,0.0,100.0
QAT,2006,17.08,17.08,0.0,10.311,603.689,0.007999999999924512,100.0,0.0,0.0,0.0,0.0,0.0,0.0,0.0,0.0,0.0,100.0
QAT,2007,19.46,19.46,0.0,11.748,603.7,0.011000000000080945,100.0,0.0,0.0,0.0,0.0,0.0,0.0,0.0,0.0,0.0,100.0
QAT,2008,21.62,21.62,0.0,13.052,603.7,0.0,100.0,0.0,0.0,0.0,0.0,0.0,0.0,0.0,0.0,0.0,100.0
QAT,2009,24.16,24.16,0.0,14.585,603.684,-0.016000000000076398,100.0,0.0,0.0,0.0,0.0,0.0,0.0,0.0,0.0,0.0,100.0
QAT,2010,28.14,28.14,0.0,16.988,603.696,0.012000000000057298,100.0,0.0,0.0,0.0,0.0,0.0,0.0,0.0,0.0,0.0,100.0
QAT,2011,30.73,30.73,0.0,18.551,603.677,-0.019000000000005457,100.0,0.0,0.0,0.0,0.0,0.0,0.0,0.0,0.0,0.0,100.0
QAT,2012,34.8,34.8,0.0,21.004,603.563,-0.11400000000003274,99.971,0.0,0.0,0.0,0.0,0.0,0.0,0.029,0.029,0.029,99.971
QAT,2013,34.75,34.75,0.0,20.947,602.791,-0.7719999999999345,99.77,0.0,0.0,0.0,0.0,0.0,0.0,0.23,0.23,0.23,99.77
QAT,2014,38.8,38.8,0.0,23.379,602.552,-0.23900000000003274,99.716,0.0,0.0,0.0,0.026,0.0,0.0,0.258,0.284,0.284,99.716
QAT,2015,41.63,41.63,0.0,25.079,602.426,-0.12599999999997635,99.688,0.0,0.0,0.0,0.024,0.0,0.0,0.288,0.312,0.312,99.688
QAT,2016,42.44,42.44,0.0,25.568,602.451,0.024999999999977263,99.694,0.0,0.0,0.0,0.024,0.0,0.0,0.283,0.306,0.306,99.694
QAT,2017,45.7,45.7,0.0,27.532,602.451,0.0,99.694,0.0,0.0,0.0,0.022,0.0,0.0,0.284,0.306,0.306,99.694
QAT,2018,48.06,48.06,0.0,28.953,602.434,-0.01700000000005275,99.688,0.0,0.0,0.0,0.021,0.0,0.0,0.291,0.312,0.312,99.688
QAT,2019,50.0,50.0,0.0,30.132,602.64,0.20600000000001728,99.74,0.0,0.0,0.0,0.02,0.0,0.0,0.24,0.26,0.26,99.74
QAT,2020,49.4,49.4,0.0,29.766,602.551,-0.08899999999994179,99.717,0.0,0.0,0.0,0.02,0.0,0.0,0.263,0.283,0.283,99.717
QAT,2021,51.79,51.79,0.0,31.205,602.529,-0.022000000000048203,99.71,0.0,0.0,0.0,0.019,0.0,0.0,0.27,0.29,0.29,99.71
QAT,2022,54.75,54.75,0.0,32.673,596.767,-5.761999999999944,98.685,0.0,0.0,0.0,1.078,0.0,0.0,0.237,1.315,1.315,98.685
QAT,2023,56.38,56.38,,32.94,584.25,-12.517000000000053,96.435,0.0,0.0,0.0,3.335,0.0,0.0,0.231,3.565,3.565,96.435
QAT,2024,56.68,56.68,0.0,32.971,581.704,-2.546000000000049,95.977,0.0,0.0,0.0,3.793,0.0,0.0,0.229,4.023,4.023,95.977
QAT,2025,57.177,57.177,0.0,33.271,581.895,0.19100000000003092,96.012,0.0,0.0,0.0,3.76,0.0,0.0,0.227,3.988,3.988,96.012
SAU,1985,51.65,51.65,,36.206,700.987,,57.599,0.0,42.401,0.0,0.0,0.0,0.0,0.0,0.0,0.0,100.0
SAU,1986,55.68,55.68,,38.939,699.335,-1.65199999999993,55.388,0.0,44.612,0.0,0.0,0.0,0.0,0.0,0.0,0.0,100.0
SAU,1987,65.0,65.0,,45.238,695.969,-3.3659999999999854,50.877,0.0,49.123,0.0,0.0,0.0,0.0,0.0,0.0,0.0,100.0
SAU,1988,70.09,70.09,,48.7,694.821,-1.1480000000000246,49.337,0.0,50.663,0.0,0.0,0.0,0.0,0.0,0.0,0.0,100.0
SAU,1989,75.73,75.73,,52.728,696.263,1.4420000000000073,51.274,0.0,48.726,0.0,0.0,0.0,0.0,0.0,0.0,0.0,100.0
SAU,1990,79.88,79.88,,55.6,696.044,-0.21900000000005093,50.989,0.0,49.011,0.0,0.0,0.0,0.0,0.0,0.0,0.0,100.0
SAU,1991,85.0,85.0,,59.121,695.541,-0.5029999999999291,50.306,0.0,49.694,0.0,0.0,0.0,0.0,0.0,0.0,0.0,100.0
SAU,1992,93.48,93.48,,64.786,693.047,-2.494000000000028,46.962,0.0,53.038,0.0,0.0,0.0,0.0,0.0,0.0,0.0,100.0
SAU,1993,102.67,102.67,,71.13,692.802,-0.24500000000000455,46.635,0.0,53.365,0.0,0.0,0.0,0.0,0.0,0.0,0.0,100.0
SAU,1994,106.05,106.05,,73.548,693.522,0.7200000000000273,47.6,0.0,52.4,0.0,0.0,0.0,0.0,0.0,0.0,0.0,100.0
SAU,1995,109.93,109.93,,76.051,691.813,-1.70900000000006,45.311,0.0,54.689,0.0,0.0,0.0,0.0,0.0,0.0,0.0,100.0
SAU,1996,112.17,112.17,,77.503,690.942,-0.8709999999999809,44.147,0.0,55.853,0.0,0.0,0.0,0.0,0.0,0.0,0.0,100.0
SAU,1997,119.1,119.1,,82.316,691.15,0.20799999999997,44.425,0.0,55.575,0.0,0.0,0.0,0.0,0.0,0.0,0.0,100.0
SAU,1998,126.17,126.17,,87.02,689.704,-1.4460000000000264,42.482,0.0,57.518,0.0,0.0,0.0,0.0,0.0,0.0,0.0,100.0
SAU,1999,131.0,131.0,,90.295,689.275,-0.4289999999999736,41.908,0.0,58.092,0.0,0.0,0.0,0.0,0.0,0.0,0.0,100.0
SAU,2000,138.69,138.69,0.0,96.022,692.35,3.0750000000000455,46.031,0.0,53.969,0.0,0.0,0.0,0.0,0.0,0.0,0.0,100.0
SAU,2001,146.09,146.09,0.0,101.847,697.152,4.802000000000021,52.468,0.0,47.532,0.0,0.0,0.0,0.0,0.0,0.0,0.0,100.0
SAU,2002,154.91,154.91,0.0,108.386,699.671,2.5190000000000055,55.845,0.0,44.155,0.0,0.0,0.0,0.0,0.0,0.0,0.0,100.0
SAU,2003,166.58,166.58,0.0,116.427,698.925,-0.7460000000000946,54.845,0.0,45.155,0.0,0.0,0.0,0.0,0.0,0.0,0.0,100.0
SAU,2004,173.41,173.41,0.0,121.472,700.49,1.5650000000000546,56.94,0.0,43.06,0.0,0.0,0.0,0.0,0.0,0.0,0.0,100.0
SAU,2005,191.05,191.05,0.0,133.765,700.157,-0.33299999999997,56.493,0.0,43.507,0.0,0.0,0.0,0.0,0.0,0.0,0.0,100.0
SAU,2006,196.31,196.31,0.0,136.974,697.743,-2.4139999999999873,53.258,0.0,46.742,0.0,0.0,0.0,0.0,0.0,0.0,0.0,100.0
SAU,2007,204.43,204.43,0.0,142.179,695.49,-2.2530000000000427,50.242,0.0,49.758,0.0,0.0,0.0,0.0,0.0,0.0,0.0,100.0
SAU,2008,204.2,204.2,0.0,141.879,694.804,-0.6860000000000355,49.319,0.0,50.681,0.0,0.0,0.0,0.0,0.0,0.0,0.0,100.0
SAU,2009,217.31,217.31,0.0,150.011,690.309,-4.4950000000000045,43.298,0.0,56.702,0.0,0.0,0.0,0.0,0.0,0.0,0.0,100.0
SAU,2010,248.77,248.77,0.0,172.002,691.41,1.100999999999999,44.772,0.0,55.228,0.0,0.0,0.0,0.0,0.0,0.0,0.0,100.0
SAU,2011,259.15,259.08,-0.07,179.141,691.264,-0.14599999999995816,44.607,0.0,55.389,0.0,0.004,0.0,0.0,0.0,0.004,0.004,99.996
SAU,2012,281.63,281.58,-0.05,195.106,692.774,1.509999999999991,46.689,0.0,53.3,0.0,0.011,0.0,0.0,0.0,0.011,0.011,99.989
SAU,2013,294.72,294.67,-0.05,204.259,693.061,0.28700000000003456,47.096,0.0,52.891,0.0,0.014,0.0,0.0,0.0,0.014,0.014,99.986
SAU,2014,328.2,328.15,-0.05,227.303,692.575,-0.48599999999999,46.459,0.0,53.525,0.0,0.015,0.0,0.0,0.0,0.015,0.015,99.985
SAU,2015,350.64,350.59,-0.05,243.028,693.098,0.5229999999999109,47.151,0.0,52.835,0.0,0.014,0.0,0.0,0.0,0.014,0.014,99.986
SAU,2016,357.66,356.94,-0.72,249.38,697.254,4.156000000000063,52.72,0.0,47.266,0.0,0.014,0.0,0.0,0.0,0.014,0.014,99.986
SAU,2017,394.99,394.96,-0.03,276.481,699.97,2.716000000000008,56.389,0.0,43.594,0.0,0.018,0.0,0.0,0.0,0.018,0.018,99.982
SAU,2018,374.77,374.74,-0.03,263.416,702.874,2.9039999999999964,60.485,0.0,39.472,0.0,0.043,0.0,0.0,0.0,0.043,0.043,99.957
SAU,2019,378.55,378.85,0.3,265.632,701.709,-1.1650000000000773,59.052,0.0,40.89,0.0,0.055,0.003,0.0,0.0,0.058,0.058,99.942
SAU,2020,380.9,380.53,-0.37,267.35,701.89,0.18100000000004002,60.795,0.0,38.963,0.0,0.239,0.003,0.0,0.0,0.242,0.242,99.758
SAU,2021,392.95,392.91,-0.04,276.015,702.418,0.52800000000002,61.608,0.0,38.137,0.0,0.252,0.003,0.0,0.0,0.254,0.254,99.746
SAU,2022,409.84,409.8,-0.04,286.912,700.059,-2.3590000000000373,60.472,0.0,39.037,0.0,0.298,0.193,0.0,0.0,0.49,0.49,99.51
SAU,2023,429.25,429.21,-0.04,299.316,697.3,-2.7590000000000146,61.852,0.0,37.048,0.0,0.729,0.37,0.0,0.0,1.1,1.1,98.9
SAU,2024,454.64,454.59,-0.05,314.587,691.947,-5.352999999999952,63.342,0.0,34.498,0.0,1.81,0.35,0.0,0.0,2.16,2.16,97.84
WLD,2000,15325.294,15325.294,,8089.776,527.871,,17.925,38.114,8.673,16.577,0.007,0.203,17.178,1.038,18.711,35.288,64.712
WLD,2001,15547.572,15547.572,,8237.867,529.849,1.9780000000000655,18.758,38.096,8.297,16.808,0.009,0.246,16.508,0.994,18.041,34.849,65.151
WLD,2002,16098.029,16098.029,,8578.516,532.892,3.0430000000000064,19.297,38.377,7.93,16.491,0.011,0.324,16.241,1.043,17.905,34.396,65.604
WLD,2003,16676.277,16676.277,,9090.017,545.087,12.194999999999936,19.531,39.629,7.802,15.597,0.013,0.379,15.68,1.089,17.441,33.038,66.962
WLD,2004,17464.022,17464.022,,9429.495,539.938,-5.149000000000001,20.068,39.114,7.263,15.571,0.016,0.489,16.068,1.133,17.983,33.555,66.445
WLD,2005,18183.546,18183.546,,9889.254,543.857,3.9189999999999827,20.25,39.602,7.054,14.997,0.022,0.574,16.033,1.201,18.098,33.095,66.905
WLD,2006,18889.705,18889.705,,10330.213,546.87,3.0130000000000337,20.658,40.243,6.25,14.62,0.029,0.705,15.997,1.23,18.23,32.85,67.15
WLD,2007,19766.915,19766.915,,10973.173,555.128,8.258000000000038,21.353,40.922,6.075,13.677,0.037,0.866,15.512,1.29,17.973,31.65,68.35
WLD,2008,20157.001,20157.001,,11050.054,548.199,-6.929000000000087,21.643,40.248,5.837,13.369,0.059,1.096,16.118,1.351,18.904,32.273,67.727
WLD,2009,19997.849,19997.849,,10878.719,543.994,-4.204999999999927,21.922,39.949,5.38,13.285,0.099,1.381,16.227,1.462,19.464,32.749,67.251
WLD,2010,21310.699,21310.699,,11602.871,544.462,0.4679999999999609,22.568,39.909,5.026,12.791,0.151,1.624,16.118,1.532,19.706,32.497,67.503
WLD,2011,22027.122,22027.122,,12135.886,550.952,6.490000000000009,22.098,40.711,5.348,11.851,0.289,1.997,15.865,1.564,19.993,31.843,68.157
WLD,2012,22577.478,22577.478,,12393.367,548.926,-2.0259999999999536,22.868,39.958,5.452,10.773,0.43,2.344,16.241,1.656,20.949,31.722,68.278
WLD,2013,23222.306,23222.306,,12755.579,549.281,0.3549999999999045,21.789,40.879,5.12,10.544,0.568,2.731,16.353,1.74,21.668,32.212,67.788
WLD,2014,23791.633,23791.633,,12977.879,545.481,-3.7999999999999545,21.922,40.584,4.77,10.503,0.831,2.968,16.294,1.836,22.222,32.724,67.276
WLD,2015,24044.333,24044.333,,12842.304,534.109,-11.371999999999957,23.046,38.812,4.684,10.534,1.065,3.45,16.174,1.93,22.923,33.458,66.542
WLD,2016,24724.776,24724.776,,13004.5,525.97,-8.13900000000001,23.666,37.923,4.313,10.399,1.325,3.884,16.264,1.919,23.699,34.097,65.903
WLD,2017,25475.531,25475.531,,13322.488,522.952,-3.018000000000029,23.454,38.129,3.834,10.183,1.746,4.473,15.938,1.935,24.4,34.583,65.417
WLD,2018,26507.498,26507.498,,13772.942,519.587,-3.365000000000009,23.488,38.098,3.387,10.03,2.17,4.784,15.782,1.953,24.997,35.027,64.973
WLD,2019,26887.022,26887.022,,13633.713,507.074,-12.512999999999977,23.816,36.818,3.179,10.243,2.596,5.285,15.749,2.006,25.944,36.187,63.813
WLD,2020,26766.09,26766.09,,13211.167,493.579,-13.495000000000005,23.848,35.529,2.904,9.896,3.184,5.946,16.265,2.106,27.822,37.718,62.282
WLD,2021,28304.406,28304.406,,14057.729,496.662,3.08299999999997,23.17,36.19,3.012,9.755,3.719,6.558,15.179,2.114,27.874,37.628,62.372
WLD,2022,28960.067,28960.067,,14233.885,491.5,-5.161999999999978,22.902,35.696,3.079,9.116,4.601,7.271,14.973,2.058,29.207,38.323,61.677
WLD,2023,29722.838,29722.838,,14429.93,485.483,-6.016999999999996,22.565,35.367,2.966,9.077,5.599,7.796,14.309,2.023,30.024,39.102,60.898
WLD,2024,30990.182,30990.182,,14680.709,473.721,-11.762,22.223,34.423,2.751,8.962,6.917,8.085,14.354,1.998,31.641,40.603,59.397
WLD,2025,31820.135,31820.135,,14653.274,460.503,-13.218000000000018,21.762,33.347,2.582,8.829,8.737,8.499,13.941,2.017,33.48,42.309,57.691
